chr1	6905000	6929000	.	.	+
chr1	6953000	6977000	.	.	+
chr1	6974000	6998000	.	.	+
chr1	6988000	7012000	.	.	+
chr1	7367000	7391000	.	.	+
chr1	7436000	7460000	.	.	+
chr1	8528000	8552000	.	.	-
chr1	10402000	10426000	.	.	+
chr1	10409000	10433000	.	.	+
chr1	10656000	10680000	.	.	+
chr1	21152000	21176000	.	.	-
chr1	21233000	21257000	.	.	-
chr1	35982000	36006000	.	.	-
chr1	39783000	39807000	.	.	+
chr1	39795000	39819000	.	.	+
chr1	39818000	39842000	.	.	+
chr1	42093000	42117000	.	.	-
chr1	45397000	45421000	.	.	-
chr1	46409000	46433000	.	.	+
chr1	46441000	46465000	.	.	+
chr1	50956000	50980000	.	.	-
chr1	51058000	51082000	.	.	-
chr1	51091000	51115000	.	.	-
chr1	51343000	51367000	.	.	-
chr1	51362000	51386000	.	.	-
chr1	51848000	51872000	.	.	-
chr1	51931000	51955000	.	.	-
chr1	52775000	52799000	.	.	+
chr1	57894000	57918000	.	.	-
chr1	57915000	57939000	.	.	-
chr1	57941000	57965000	.	.	-
chr1	57960000	57984000	.	.	-
chr1	61783000	61807000	.	.	+
chr1	74620000	74644000	.	.	-
chr1	84674000	84698000	.	.	+
chr1	85760000	85784000	.	.	-
chr1	87537000	87561000	.	.	+
chr1	92993000	93017000	.	.	-
chr1	93006000	93030000	.	.	-
chr1	93011000	93035000	.	.	-
chr1	93985000	94009000	.	.	+
chr1	95162000	95186000	.	.	-
chr1	95246000	95270000	.	.	-
chr1	114026000	114050000	.	.	+
chr1	114036000	114060000	.	.	+
chr1	114096000	114120000	.	.	+
chr1	114156000	114180000	.	.	+
chr1	116528000	116552000	.	.	+
chr1	155380000	155404000	.	.	-
chr1	161762000	161786000	.	.	+
chr1	162230000	162254000	.	.	+
chr1	164768000	164792000	.	.	+
chr1	172295000	172319000	.	.	+
chr1	172309000	172333000	.	.	+
chr1	173267000	173291000	.	.	-
chr1	174581000	174605000	.	.	+
chr1	174738000	174762000	.	.	+
chr1	174755000	174779000	.	.	+
chr1	178218000	178242000	.	.	+
chr1	185136000	185160000	.	.	+
chr1	196247000	196271000	.	.	-
chr1	196346000	196370000	.	.	-
chr1	197493000	197517000	.	.	-
chr1	201754000	201778000	.	.	-
chr1	202489000	202513000	.	.	+
chr1	203672000	203696000	.	.	+
chr1	204273000	204297000	.	.	-
chr1	204302000	204326000	.	.	-
chr1	225150000	225174000	.	.	+
chr1	225158000	225182000	.	.	+
chr1	225185000	225209000	.	.	+
chr1	225209000	225233000	.	.	+
chr1	225224000	225248000	.	.	+
chr1	227282000	227306000	.	.	-
chr1	228440000	228464000	.	.	+
chr1	228445000	228469000	.	.	+
chr1	230323000	230347000	.	.	+
chr1	230345000	230369000	.	.	+
chr1	234142000	234166000	.	.	+
chr1	237893000	237917000	.	.	+
chr1	237905000	237929000	.	.	+
chr1	240730000	240754000	.	.	+
chr1	244635000	244659000	.	.	+
chr1	245783000	245807000	.	.	-
chr1	245829000	245853000	.	.	-
chr1	245975000	245999000	.	.	-
chr1	246068000	246092000	.	.	-
chr1	246074000	246098000	.	.	-
chr1	246119000	246143000	.	.	-
chr10	342000	366000	.	.	-
chr10	423000	447000	.	.	-
chr10	6486000	6510000	.	.	-
chr10	12728000	12752000	.	.	+
chr10	12738000	12762000	.	.	-
chr10	12758000	12782000	.	.	+
chr10	16651000	16675000	.	.	-
chr10	16688000	16712000	.	.	-
chr10	25204000	25228000	.	.	-
chr10	28381000	28405000	.	.	-
chr10	28405000	28429000	.	.	-
chr10	31783000	31807000	.	.	+
chr10	64947000	64971000	.	.	-
chr10	64955000	64979000	.	.	-
chr10	64962000	64986000	.	.	-
chr10	74607000	74631000	.	.	+
chr10	75971000	75995000	.	.	+
chr10	76218000	76242000	.	.	+
chr10	92997000	93021000	.	.	+
chr10	94771000	94795000	.	.	+
chr10	98783000	98807000	.	.	-
chr10	103237000	103261000	.	.	+
chr10	103261000	103285000	.	.	+
chr10	114330000	114354000	.	.	+
chr10	114537000	114561000	.	.	+
chr10	127730000	127754000	.	.	-
chr10	127814000	127838000	.	.	-
chr10	127927000	127951000	.	.	-
chr10	127958000	127982000	.	.	-
chr10	127983000	128007000	.	.	-
chr10	128756000	128780000	.	.	+
chr10	129715000	129739000	.	.	+
chr11	4016000	4040000	.	.	+
chr11	8429000	8453000	.	.	-
chr11	14680000	14704000	.	.	+
chr11	14736000	14760000	.	.	+
chr11	14797000	14821000	.	.	+
chr11	14821000	14845000	.	.	+
chr11	14843000	14867000	.	.	+
chr11	14862000	14886000	.	.	+
chr11	16950000	16974000	.	.	-
chr11	20498000	20522000	.	.	+
chr11	28290000	28314000	.	.	+
chr11	35775000	35799000	.	.	+
chr11	35783000	35807000	.	.	+
chr11	36182000	36206000	.	.	+
chr11	36187000	36211000	.	.	+
chr11	45970000	45994000	.	.	-
chr11	46071000	46095000	.	.	-
chr11	47016000	47040000	.	.	+
chr11	47126000	47150000	.	.	+
chr11	72354000	72378000	.	.	-
chr11	72622000	72646000	.	.	-
chr11	72656000	72680000	.	.	-
chr11	75635000	75659000	.	.	+
chr11	75720000	75744000	.	.	+
chr11	76699000	76723000	.	.	+
chr11	77070000	77094000	.	.	-
chr11	83296000	83320000	.	.	+
chr11	83335000	83359000	.	.	+
chr11	105733000	105757000	.	.	-
chr11	108764000	108788000	.	.	+
chr11	113050000	113074000	.	.	-
chr12	26663000	26687000	.	.	-
chr12	29726000	29750000	.	.	-
chr12	39200000	39224000	.	.	-
chr12	45677000	45701000	.	.	+
chr12	51041000	51065000	.	.	+
chr12	51060000	51084000	.	.	+
chr12	60142000	60166000	.	.	+
chr12	63081000	63105000	.	.	-
chr12	63116000	63140000	.	.	-
chr12	64354000	64378000	.	.	+
chr12	69931000	69955000	.	.	+
chr12	71135000	71159000	.	.	-
chr12	79817000	79841000	.	.	-
chr12	82847000	82871000	.	.	+
chr12	99883000	99907000	.	.	-
chr12	112655000	112679000	.	.	-
chr12	117262000	117286000	.	.	+
chr12	121879000	121903000	.	.	-
chr13	28829000	28853000	.	.	+
chr13	29992000	30016000	.	.	+
chr13	30022000	30046000	.	.	+
chr13	31873000	31897000	.	.	+
chr13	33285000	33309000	.	.	+
chr13	35703000	35727000	.	.	+
chr13	42192000	42216000	.	.	-
chr13	42238000	42262000	.	.	-
chr13	42248000	42272000	.	.	-
chr13	45095000	45119000	.	.	-
chr13	45804000	45828000	.	.	+
chr13	47256000	47280000	.	.	+
chr13	49013000	49037000	.	.	+
chr13	52289000	52313000	.	.	+
chr13	60377000	60401000	.	.	-
chr13	61073000	61097000	.	.	+
chr13	67052000	67076000	.	.	-
chr13	67223000	67247000	.	.	-
chr13	92834000	92858000	.	.	+
chr13	92870000	92894000	.	.	+
chr13	92929000	92953000	.	.	+
chr13	93080000	93104000	.	.	+
chr13	93096000	93120000	.	.	+
chr13	93122000	93146000	.	.	+
chr13	93149000	93173000	.	.	+
chr13	93282000	93306000	.	.	+
chr13	93439000	93463000	.	.	+
chr13	93480000	93504000	.	.	+
chr13	99511000	99535000	.	.	-
chr13	100978000	101002000	.	.	+
chr13	101004000	101028000	.	.	+
chr13	101035000	101059000	.	.	+
chr13	108018000	108042000	.	.	-
chr13	110918000	110942000	.	.	-
chr13	113714000	113738000	.	.	+
chr14	25426000	25450000	.	.	-
chr14	25457000	25481000	.	.	-
chr14	31102000	31126000	.	.	+
chr14	37236000	37260000	.	.	-
chr14	37256000	37280000	.	.	-
chr14	50855000	50879000	.	.	-
chr14	51070000	51094000	.	.	+
chr14	56691000	56715000	.	.	+
chr14	59746000	59770000	.	.	+
chr14	61346000	61370000	.	.	+
chr14	61985000	62009000	.	.	+
chr14	63215000	63239000	.	.	-
chr14	63226000	63250000	.	.	-
chr14	63260000	63284000	.	.	-
chr14	63277000	63301000	.	.	-
chr14	66145000	66169000	.	.	+
chr14	66169000	66193000	.	.	+
chr14	67051000	67075000	.	.	+
chr14	67125000	67149000	.	.	+
chr14	67252000	67276000	.	.	+
chr14	67355000	67379000	.	.	+
chr14	80854000	80878000	.	.	-
chr14	81530000	81554000	.	.	-
chr14	90051000	90075000	.	.	-
chr14	102327000	102351000	.	.	+
chr14	102845000	102869000	.	.	+
chr14	102924000	102948000	.	.	+
chr15	33080000	33104000	.	.	-
chr15	35767000	35791000	.	.	-
chr15	35779000	35803000	.	.	-
chr15	37302000	37326000	.	.	-
chr15	49126000	49150000	.	.	-
chr15	49139000	49163000	.	.	-
chr15	49644000	49668000	.	.	+
chr15	49849000	49873000	.	.	-
chr15	50179000	50203000	.	.	-
chr15	50202000	50226000	.	.	-
chr15	50230000	50254000	.	.	-
chr15	52729000	52753000	.	.	-
chr15	62951000	62975000	.	.	+
chr15	66303000	66327000	.	.	-
chr15	72155000	72179000	.	.	-
chr15	72188000	72212000	.	.	-
chr15	72204000	72228000	.	.	-
chr15	76947000	76971000	.	.	-
chr15	85644000	85668000	.	.	+
chr15	94995000	95019000	.	.	+
chr15	100622000	100646000	.	.	-
chr16	7602000	7626000	.	.	-
chr16	12571000	12595000	.	.	+
chr16	14682000	14706000	.	.	-
chr16	19842000	19866000	.	.	+
chr16	47298000	47322000	.	.	-
chr16	47468000	47492000	.	.	-
chr16	53818000	53842000	.	.	+
chr16	61979000	62003000	.	.	+
chr16	69944000	69968000	.	.	+
chr17	956000	980000	.	.	-
chr17	2730000	2754000	.	.	+
chr17	7706000	7730000	.	.	+
chr17	15985000	16009000	.	.	-
chr17	59805000	59829000	.	.	-
chr17	65546000	65570000	.	.	+
chr18	3614000	3638000	.	.	+
chr18	3760000	3784000	.	.	+
chr18	5403000	5427000	.	.	-
chr18	9227000	9251000	.	.	+
chr18	9250000	9274000	.	.	+
chr18	18991000	19015000	.	.	+
chr18	32664000	32688000	.	.	+
chr18	44405000	44429000	.	.	-
chr18	54393000	54417000	.	.	+
chr19	38435000	38459000	.	.	+
chr2	3223000	3247000	.	.	-
chr2	15453000	15477000	.	.	-
chr2	17807000	17831000	.	.	-
chr2	23828000	23852000	.	.	+
chr2	26327000	26351000	.	.	+
chr2	32973000	32997000	.	.	+
chr2	32978000	33002000	.	.	+
chr2	32998000	33022000	.	.	+
chr2	37077000	37101000	.	.	-
chr2	37093000	37117000	.	.	-
chr2	44950000	44974000	.	.	+
chr2	46091000	46115000	.	.	+
chr2	46325000	46349000	.	.	+
chr2	48104000	48128000	.	.	-
chr2	53943000	53967000	.	.	-
chr2	53956000	53980000	.	.	-
chr2	55100000	55124000	.	.	+
chr2	71570000	71594000	.	.	+
chr2	73683000	73707000	.	.	+
chr2	73792000	73816000	.	.	+
chr2	78322000	78346000	.	.	-
chr2	102462000	102486000	.	.	+
chr2	102485000	102509000	.	.	+
chr2	109963000	109987000	.	.	+
chr2	120660000	120684000	.	.	+
chr2	120788000	120812000	.	.	+
chr2	122140000	122164000	.	.	-
chr2	122151000	122175000	.	.	-
chr2	122180000	122204000	.	.	-
chr2	133459000	133483000	.	.	-
chr2	133494000	133518000	.	.	-
chr2	133527000	133551000	.	.	-
chr2	133538000	133562000	.	.	-
chr2	133577000	133601000	.	.	-
chr2	134167000	134191000	.	.	+
chr2	136136000	136160000	.	.	-
chr2	136145000	136169000	.	.	-
chr2	136166000	136190000	.	.	-
chr2	136202000	136226000	.	.	-
chr2	136262000	136286000	.	.	-
chr2	141958000	141982000	.	.	-
chr2	141973000	141997000	.	.	-
chr2	142023000	142047000	.	.	-
chr2	142161000	142185000	.	.	-
chr2	142243000	142267000	.	.	-
chr2	142255000	142279000	.	.	-
chr2	142292000	142316000	.	.	-
chr2	142326000	142350000	.	.	-
chr2	142345000	142369000	.	.	-
chr2	142359000	142383000	.	.	-
chr2	142391000	142415000	.	.	-
chr2	142418000	142442000	.	.	-
chr2	142437000	142461000	.	.	-
chr2	142487000	142511000	.	.	-
chr2	143759000	143783000	.	.	+
chr2	148795000	148819000	.	.	+
chr2	154838000	154862000	.	.	+
chr2	154893000	154917000	.	.	+
chr2	155037000	155061000	.	.	+
chr2	155216000	155240000	.	.	+
chr2	159362000	159386000	.	.	+
chr2	160191000	160215000	.	.	-
chr2	160344000	160368000	.	.	-
chr2	171856000	171880000	.	.	-
chr2	171867000	171891000	.	.	-
chr2	171882000	171906000	.	.	-
chr2	171915000	171939000	.	.	-
chr2	186612000	186636000	.	.	-
chr2	190715000	190739000	.	.	+
chr2	196620000	196644000	.	.	+
chr2	197221000	197245000	.	.	-
chr2	197923000	197947000	.	.	-
chr2	205836000	205860000	.	.	+
chr2	212718000	212742000	.	.	-
chr2	213879000	213903000	.	.	-
chr2	214194000	214218000	.	.	+
chr2	214268000	214292000	.	.	+
chr2	214373000	214397000	.	.	+
chr2	225344000	225368000	.	.	-
chr2	225350000	225374000	.	.	-
chr2	226483000	226507000	.	.	+
chr2	230257000	230281000	.	.	-
chr2	230298000	230322000	.	.	-
chr2	230329000	230353000	.	.	-
chr2	230346000	230370000	.	.	-
chr2	231306000	231330000	.	.	+
chr2	232166000	232190000	.	.	+
chr2	232969000	232993000	.	.	+
chr2	236802000	236826000	.	.	+
chr2	236810000	236834000	.	.	+
chr2	237257000	237281000	.	.	+
chr2	240086000	240110000	.	.	-
chr2	242304000	242328000	.	.	+
chr20	3480000	3504000	.	.	+
chr20	3505000	3529000	.	.	+
chr20	14083000	14107000	.	.	+
chr20	14654000	14678000	.	.	+
chr20	14718000	14742000	.	.	+
chr20	14753000	14777000	.	.	+
chr20	15372000	15396000	.	.	+
chr20	15915000	15939000	.	.	-
chr20	20452000	20476000	.	.	-
chr20	33382000	33406000	.	.	-
chr21	17479000	17503000	.	.	+
chr21	27287000	27311000	.	.	-
chr22	22682000	22706000	.	.	+
chr22	28584000	28608000	.	.	-
chr22	28603000	28627000	.	.	-
chr22	32951000	32975000	.	.	+
chr3	1149000	1173000	.	.	-
chr3	2790000	2814000	.	.	-
chr3	11549000	11573000	.	.	+
chr3	15817000	15841000	.	.	-
chr3	15826000	15850000	.	.	-
chr3	15861000	15885000	.	.	-
chr3	29425000	29449000	.	.	+
chr3	29623000	29647000	.	.	+
chr3	29635000	29659000	.	.	+
chr3	29805000	29829000	.	.	+
chr3	37925000	37949000	.	.	+
chr3	38267000	38291000	.	.	+
chr3	41567000	41591000	.	.	-
chr3	43417000	43441000	.	.	-
chr3	43476000	43500000	.	.	-
chr3	43499000	43523000	.	.	-
chr3	47658000	47682000	.	.	-
chr3	47666000	47690000	.	.	-
chr3	54428000	54452000	.	.	+
chr3	54497000	54521000	.	.	+
chr3	54741000	54765000	.	.	+
chr3	65446000	65470000	.	.	-
chr3	65461000	65485000	.	.	-
chr3	67473000	67497000	.	.	-
chr3	67490000	67514000	.	.	-
chr3	78666000	78690000	.	.	-
chr3	78694000	78718000	.	.	-
chr3	81567000	81591000	.	.	-
chr3	100485000	100509000	.	.	+
chr3	101060000	101084000	.	.	-
chr3	107411000	107435000	.	.	+
chr3	124285000	124309000	.	.	+
chr3	124979000	125003000	.	.	-
chr3	127957000	127981000	.	.	+
chr3	129555000	129579000	.	.	-
chr3	136138000	136162000	.	.	-
chr3	141133000	141157000	.	.	+
chr3	152132000	152156000	.	.	+
chr3	157059000	157083000	.	.	-
chr3	157128000	157152000	.	.	-
chr3	157174000	157198000	.	.	-
chr3	168858000	168882000	.	.	-
chr3	168871000	168895000	.	.	-
chr3	168887000	168911000	.	.	-
chr3	168905000	168929000	.	.	-
chr3	168918000	168942000	.	.	-
chr3	169000000	169024000	.	.	-
chr3	170846000	170870000	.	.	-
chr3	174231000	174255000	.	.	+
chr3	174249000	174273000	.	.	+
chr3	174417000	174441000	.	.	+
chr3	176749000	176773000	.	.	-
chr3	183057000	183081000	.	.	-
chr3	183075000	183099000	.	.	-
chr3	183702000	183726000	.	.	-
chr3	184679000	184703000	.	.	+
chr3	190338000	190362000	.	.	+
chr3	191939000	191963000	.	.	-
chr3	192018000	192042000	.	.	-
chr3	192079000	192103000	.	.	-
chr3	194803000	194827000	.	.	-
chr3	194906000	194930000	.	.	-
chr3	194938000	194962000	.	.	-
chr4	2105000	2129000	.	.	-
chr4	2298000	2322000	.	.	-
chr4	3184000	3208000	.	.	+
chr4	6857000	6881000	.	.	+
chr4	13443000	13467000	.	.	-
chr4	20538000	20562000	.	.	+
chr4	20551000	20575000	.	.	+
chr4	20764000	20788000	.	.	+
chr4	26727000	26751000	.	.	+
chr4	26983000	27007000	.	.	+
chr4	40921000	40945000	.	.	-
chr4	40929000	40953000	.	.	-
chr4	48570000	48594000	.	.	-
chr4	78644000	78668000	.	.	-
chr4	78999000	79023000	.	.	+
chr4	79056000	79080000	.	.	+
chr4	85100000	85124000	.	.	-
chr4	85128000	85152000	.	.	-
chr4	87903000	87927000	.	.	+
chr4	87910000	87934000	.	.	+
chr4	89883000	89907000	.	.	-
chr4	91085000	91109000	.	.	+
chr4	91358000	91382000	.	.	+
chr4	103570000	103594000	.	.	-
chr4	107020000	107044000	.	.	-
chr4	107130000	107154000	.	.	-
chr4	110509000	110533000	.	.	+
chr4	110560000	110584000	.	.	+
chr4	115984000	116008000	.	.	-
chr4	116005000	116029000	.	.	-
chr4	121799000	121823000	.	.	-
chr4	123135000	123159000	.	.	+
chr4	124064000	124088000	.	.	+
chr4	124144000	124168000	.	.	+
chr4	124157000	124181000	.	.	+
chr4	124199000	124223000	.	.	+
chr4	140938000	140962000	.	.	-
chr4	140996000	141020000	.	.	-
chr4	143009000	143033000	.	.	+
chr4	146720000	146744000	.	.	+
chr4	151364000	151388000	.	.	-
chr4	151421000	151445000	.	.	-
chr4	152548000	152572000	.	.	+
chr4	153363000	153387000	.	.	-
chr4	153370000	153394000	.	.	-
chr4	169520000	169544000	.	.	+
chr4	169759000	169783000	.	.	+
chr4	174190000	174214000	.	.	+
chr4	174213000	174237000	.	.	+
chr4	186246000	186270000	.	.	+
chr4	186256000	186280000	.	.	+
chr4	186549000	186573000	.	.	-
chr5	319000	343000	.	.	+
chr5	327000	351000	.	.	+
chr5	14411000	14435000	.	.	+
chr5	14418000	14442000	.	.	+
chr5	14425000	14449000	.	.	+
chr5	16695000	16719000	.	.	-
chr5	22326000	22350000	.	.	-
chr5	23960000	23984000	.	.	+
chr5	24113000	24137000	.	.	-
chr5	37122000	37146000	.	.	-
chr5	52128000	52152000	.	.	+
chr5	58332000	58356000	.	.	-
chr5	58688000	58712000	.	.	-
chr5	59079000	59103000	.	.	+
chr5	64456000	64480000	.	.	-
chr5	64673000	64697000	.	.	-
chr5	70837000	70861000	.	.	+
chr5	78242000	78266000	.	.	-
chr5	78592000	78616000	.	.	+
chr5	80104000	80128000	.	.	+
chr5	80124000	80148000	.	.	+
chr5	81288000	81312000	.	.	+
chr5	81335000	81359000	.	.	+
chr5	81372000	81396000	.	.	+
chr5	106896000	106920000	.	.	-
chr5	107474000	107498000	.	.	-
chr5	108330000	108354000	.	.	+
chr5	108410000	108434000	.	.	+
chr5	108443000	108467000	.	.	+
chr5	110869000	110893000	.	.	+
chr5	115572000	115596000	.	.	+
chr5	122279000	122303000	.	.	+
chr5	127492000	127516000	.	.	+
chr5	127802000	127826000	.	.	-
chr5	130934000	130958000	.	.	-
chr5	134626000	134650000	.	.	+
chr5	136337000	136361000	.	.	-
chr5	136624000	136648000	.	.	-
chr5	138300000	138324000	.	.	-
chr5	138329000	138353000	.	.	-
chr5	139891000	139915000	.	.	+
chr5	153643000	153667000	.	.	+
chr5	176684000	176708000	.	.	+
chr5	179461000	179485000	.	.	-
chr6	510000	534000	.	.	-
chr6	4917000	4941000	.	.	+
chr6	13381000	13405000	.	.	-
chr6	16482000	16506000	.	.	-
chr6	17425000	17449000	.	.	+
chr6	17831000	17855000	.	.	-
chr6	34270000	34294000	.	.	-
chr6	38052000	38076000	.	.	+
chr6	38083000	38107000	.	.	+
chr6	45002000	45026000	.	.	-
chr6	55693000	55717000	.	.	-
chr6	55708000	55732000	.	.	-
chr6	57194000	57218000	.	.	+
chr6	57467000	57491000	.	.	+
chr6	70403000	70427000	.	.	-
chr6	70465000	70489000	.	.	-
chr6	71488000	71512000	.	.	+
chr6	83848000	83872000	.	.	+
chr6	101158000	101182000	.	.	-
chr6	101174000	101198000	.	.	-
chr6	106719000	106743000	.	.	-
chr6	107690000	107714000	.	.	-
chr6	109963000	109987000	.	.	-
chr6	116611000	116635000	.	.	+
chr6	133749000	133773000	.	.	+
chr6	133923000	133947000	.	.	-
chr6	133933000	133957000	.	.	-
chr6	133977000	134001000	.	.	-
chr6	134063000	134087000	.	.	-
chr6	134088000	134112000	.	.	-
chr6	134502000	134526000	.	.	+
chr6	135857000	135881000	.	.	+
chr6	135985000	136009000	.	.	+
chr6	136770000	136794000	.	.	-
chr6	136793000	136817000	.	.	-
chr6	143463000	143487000	.	.	+
chr6	145015000	145039000	.	.	+
chr6	145078000	145102000	.	.	+
chr6	151373000	151397000	.	.	+
chr6	151645000	151669000	.	.	+
chr6	152583000	152607000	.	.	-
chr6	154696000	154720000	.	.	-
chr6	158324000	158348000	.	.	+
chr6	161491000	161515000	.	.	+
chr7	698000	722000	.	.	-
chr7	2001000	2025000	.	.	-
chr7	2010000	2034000	.	.	-
chr7	5777000	5801000	.	.	-
chr7	6210000	6234000	.	.	-
chr7	11121000	11145000	.	.	+
chr7	24863000	24887000	.	.	-
chr7	29132000	29156000	.	.	-
chr7	33506000	33530000	.	.	+
chr7	38817000	38841000	.	.	-
chr7	40865000	40889000	.	.	-
chr7	42022000	42046000	.	.	-
chr7	42080000	42104000	.	.	-
chr7	42166000	42190000	.	.	-
chr7	47367000	47391000	.	.	-
chr7	50756000	50780000	.	.	-
chr7	51172000	51196000	.	.	-
chr7	70169000	70193000	.	.	-
chr7	75289000	75313000	.	.	-
chr7	75303000	75327000	.	.	-
chr7	75312000	75336000	.	.	-
chr7	77525000	77549000	.	.	+
chr7	80485000	80509000	.	.	-
chr7	81605000	81629000	.	.	-
chr7	81974000	81998000	.	.	-
chr7	82023000	82047000	.	.	-
chr7	82047000	82071000	.	.	-
chr7	83656000	83680000	.	.	-
chr7	87594000	87618000	.	.	+
chr7	87657000	87681000	.	.	+
chr7	92416000	92440000	.	.	-
chr7	92954000	92978000	.	.	+
chr7	94659000	94683000	.	.	+
chr7	94689000	94713000	.	.	+
chr7	101020000	101044000	.	.	+
chr7	102612000	102636000	.	.	-
chr7	110626000	110650000	.	.	-
chr7	110633000	110657000	.	.	-
chr7	122050000	122074000	.	.	-
chr7	122072000	122096000	.	.	-
chr7	122122000	122146000	.	.	-
chr7	122153000	122177000	.	.	-
chr7	122260000	122284000	.	.	-
chr7	124539000	124563000	.	.	-
chr7	127470000	127494000	.	.	+
chr7	130280000	130304000	.	.	-
chr7	130293000	130317000	.	.	-
chr7	133390000	133414000	.	.	+
chr7	133407000	133431000	.	.	+
chr7	133844000	133868000	.	.	+
chr7	134610000	134634000	.	.	+
chr7	134628000	134652000	.	.	+
chr7	138530000	138554000	.	.	-
chr7	139395000	139419000	.	.	-
chr7	139404000	139428000	.	.	-
chr7	139418000	139442000	.	.	-
chr7	139450000	139474000	.	.	-
chr7	151286000	151310000	.	.	-
chr7	151519000	151543000	.	.	-
chr7	155542000	155566000	.	.	+
chr8	6286000	6310000	.	.	+
chr8	8656000	8680000	.	.	-
chr8	9946000	9970000	.	.	+
chr8	14597000	14621000	.	.	-
chr8	18448000	18472000	.	.	-
chr8	18463000	18487000	.	.	-
chr8	28853000	28877000	.	.	+
chr8	30046000	30070000	.	.	+
chr8	30350000	30374000	.	.	+
chr8	41873000	41897000	.	.	-
chr8	48695000	48719000	.	.	-
chr8	71072000	71096000	.	.	-
chr8	97983000	98007000	.	.	-
chr8	99518000	99542000	.	.	-
chr8	104268000	104292000	.	.	-
chr8	107644000	107668000	.	.	-
chr8	107658000	107682000	.	.	-
chr8	107675000	107699000	.	.	+
chr8	107732000	107756000	.	.	+
chr8	120913000	120937000	.	.	+
chr8	121006000	121030000	.	.	+
chr8	129081000	129105000	.	.	+
chr8	135518000	135542000	.	.	-
chr8	140786000	140810000	.	.	-
chr9	7130000	7154000	.	.	+
chr9	8807000	8831000	.	.	-
chr9	14148000	14172000	.	.	-
chr9	16585000	16609000	.	.	-
chr9	17335000	17359000	.	.	+
chr9	17367000	17391000	.	.	+
chr9	27351000	27375000	.	.	-
chr9	37927000	37951000	.	.	-
chr9	74840000	74864000	.	.	+
chr9	91644000	91668000	.	.	-
chr9	95196000	95220000	.	.	+
chr9	96037000	96061000	.	.	+
chr9	98705000	98729000	.	.	+
chr9	102540000	102564000	.	.	-
chr9	112775000	112799000	.	.	+
chr9	112890000	112914000	.	.	+
chr9	119212000	119236000	.	.	-
chr9	119369000	119393000	.	.	-
chr9	123372000	123396000	.	.	-
chr9	123381000	123405000	.	.	-
chr9	124473000	124497000	.	.	+
chr9	124603000	124627000	.	.	-
chr9	125717000	125741000	.	.	+
chr9	133942000	133966000	.	.	+
chr9	140215000	140239000	.	.	-
chr9	140223000	140247000	.	.	-
chr9	140704000	140728000	.	.	+
chr9	140979000	141003000	.	.	+
chrX	19017000	19041000	.	.	+
chrX	20244000	20268000	.	.	-
chrX	27348000	27372000	.	.	-
chrX	33139000	33163000	.	.	-
chrX	41663000	41687000	.	.	-
chrX	41669000	41693000	.	.	-
chrX	44896000	44920000	.	.	+
chrX	46884000	46908000	.	.	+
chrX	53658000	53682000	.	.	-
chrX	53666000	53690000	.	.	-
chrX	71711000	71735000	.	.	-
chrX	73267000	73291000	.	.	-
chrX	73397000	73421000	.	.	-
chrX	76781000	76805000	.	.	-
chrX	76806000	76830000	.	.	-
chrX	84319000	84343000	.	.	+
chrX	101863000	101887000	.	.	+
chrX	104540000	104564000	.	.	-
chrX	104569000	104593000	.	.	+
chrX	131995000	132019000	.	.	-
chrX	132011000	132035000	.	.	-
chrX	138043000	138067000	.	.	-
chrX	150020000	150044000	.	.	-
chrX	150038000	150062000	.	.	-
chrX	154741000	154765000	.	.	-
